MLA861373243;Servidor Rack Dell Poweredge R240 Xeon 32gb 4tb Gtia Cuotas;MLA1649;PC
MLA723629779;Notebook Dell Vostro I5 14 8g 256ssd Win10 Pro Teclado Con Ñ Gtia De Tienda Oficial - Factura A Y B;MLA1652;Notebooks
MLA625205834;Ups Apc 800va 6 T Estabilizador Y Protector De Tension Gtia Oficial 2 Años Bx800 Para Tv, Play, Equipos De Audio;MLA1720;UPS
MLA619999038;Ups Apc 550va 3 Tomas Gtia Oficial 2 Años Estabilizador Y Protector De Tension Con Ahorro De Energia;MLA1720;UPS
MLA846968526;Ups Apc Bv1000 Estabilza Y Protege Tensión Entrega Inmediata;MLA1720;UPS
MLA740540307;Servidor Poweredge Dell T40 Xeon E3-1225 8gb 1tb Hd Free Dos;MLA1649;PC
MLA742113320;Notebook Dell Inspiron I7 8g 512ssd 13,3fhd Geforce Win10;MLA1652;Notebooks
MLA846965428;Ups Apc Bv500 Estabilizador Protector Tension Entreg Inmedit;MLA1720;UPS
MLA609115444;Ups Apc De Alto Rendimiento 1200va Estabilizador Y Protector De Tension Garantía Oficial De 2 Años Ups;MLA1720;UPS
MLA800416106;Servidor Dell Poweredge R440 Xeon 16gb 2tb Gtia 3 Años;MLA1649;PC
MLA836303021;Notebook Dell Latitude I5 16gb 256ssd 14 Win10 Pro Ram;MLA1652;Notebooks
MLA609116302;Ups Apc 1500va Con Ahorro De Energa Estabilizador Y Protector De Tension Gtia Oficial Ideal Para Uso Gamer;MLA1720;UPS
MLA614716924;Ups Apc Br550g-ar Back-ups Pro 550va 230 Estabilizador Br550;MLA1720;UPS
MLA603776528;Ups Apc 1100va 6 Tomas Estabilizador Y Protector De Tension Gtia Oficial Para Pc Gamer Con Ahorro De Energia;MLA1720;UPS
MLA830836209;Servidor Poweredge Dell T40 Intel E3-2224 8gb 1tb Hd Cuotas;MLA1649;PC
MLA693166871;Notebook Dell  Gamer G5 I7 16gb 256ssd + 1tb Gtx Win 10 ;MLA1652;Notebooks
MLA670607406;Scanner Iris Iriscan Book 5 De Mano 30ppm Usb 2.0 Ion-litio;MLA72721;Scanners
MLA795525764;Ups Apc Easy Bv650i-ar 650va Gtia Oficial 2 Años Bv650;MLA1720;UPS
MLA862050665;Servidor Poweredge Dell T40 Intel E3-2224 16gb 1tb Hd Cuotas;MLA1649;PC
MLA812493388;Notebook Dell Vostro I5 14 8g 256ssd Win10 Pro Teclado Con Ñ Gtia De Tienda Oficial - Factura A Y B;MLA1652;Notebooks
MLA685442693;Switch Cisco 24 Puertos Gigabit Rack 10/100/1000;MLA1708;Switches
MLA800415543;Servidor Rack Dell Poweredge R240 Xeon 8gb 2tb Gtia Cuotas;MLA1649;PC
MLA685310679;Switch 24p Cisco Sf112-24 10/100 + 2 G No Admin (ex Sf102);MLA1708;Switches
MLA714545399;Switch Cisco Semi Admin 24 Puertos 10/100 2 Giga Sf220-24-k9;MLA1708;Switches
MLA812781294;Notebook Dell Vostro I5 16gb 256ssd 14hd Win10 Profesional;MLA1652;Notebooks
MLA677079403;Impresora Laser Monocromática Lexmark B2338dw Wifi Blanco Y Negro Libreria Comercial Oficio A4;MLA1676;Impresoras
MLA673280398;Servidor Rack Dell Poweredge R240 Xeon E-2124 8gb 2tb Gtia;MLA1649;PC
MLA714580671;Switch Cisco Sg250-26p Small Business 24 P Poe+ Sg250-26p-k9;MLA1708;Switches
MLA607248903;Ups Apc 550va 3 Tomas Gtia Oficial 2 Años Estabilizador Y Protector De Tension Para El Hogar;MLA1720;UPS
MLA664647170;Notebook Dell Latitude I5 8gb 1tb Win 10 Pro;MLA1652;Notebooks
MLA683834424;Router Cisco Rv160w Wireless Ac Vpn Dualband Usb Oferta;MLA430901;Routers
MLA860403296;Servidor Dell Poweredge R440 Xeon 16gb 2tb Gtia 3 Años;MLA1649;PC
MLA673321805;Ups Apc 1500va Estabilizador Y Protector De Tension - Alto Rendimiento Para Pc De Hogar Y Oficina Gtia 2años;MLA1720;UPS
MLA608914689;Ups Apc Br1200g Ar 1200va Estabilizador Br1200 Gtia 2 Años;MLA1720;UPS
MLA679308411;Ups Apc Smt3000i 3000v 9 Tm Estabilizador Reemplazo Sua3000i;MLA1720;UPS
MLA669761931;Notebook Dell Latitude I5 8gb 256ssd 14 Win10 Profesional - Ideal Para Pymes Con Garantia Oficial De 3 Años;MLA1652;Notebooks
MLA620000215;Router Wifi Linksys Dual Band 2 Antenas Usb 3.0 Conectar Equipos De Hogar Y Empresas Gtia Oficial  Factura A Y B;MLA430901;Routers
MLA824929193;Toner Lexmark Original 504 1.500p Ms 310/610/415 Standard;MLA3560;Tóners
MLA678026676;Switch Cisco 24 Puertos 10/100 Rackeable No Adm Para Hogar Y Empresa - Garantia Oficial - Factura A Y B;MLA1708;Switches
MLA846185645;Iris Pen Air 7 Lapiz Escaner Portátil Usb Ocr Traductor;MLA72721;Scanners
MLA814740765;Notebook I7 Dell Latitude 16gb 256ssd Win10 Pro Ram Cuotas;MLA1652;Notebooks
MLA609714711;Ups Apc Back-ups Pro 550va 230 Estabilizador Y Protector De Tensión Con Ahorro De Energia Gtia Oficial Br550;MLA1720;UPS
MLA640303035;Ups Apc Br1500g 1500va Estabilizador  Gtia 2 Años Br1500g-ar;MLA1720;UPS
MLA795525213;Ups Apc Easy Bv500i-ar 500va Bv500 Gtia Oficial 2 Años;MLA1720;UPS
MLA723753317;Ups Apc Br900g-ar 900va 6 Tomas Estabilizador Gtia 2 Años;MLA1720;UPS
MLA754519121;Notebook Gamer I7 Dell G3 15 8g 128ssd + 1tb Gtx1660ti Win10;MLA1652;Notebooks
MLA675414768;Switch Cisco 8 Puertos Poe + 2 Sfp Gigabit Para Hogar Y Empresa - Garantia Oficial;MLA1708;Switches
MLA838988982;Router Wifi Linksys Dual Band Wireless Gtia Oficial;MLA430901;Routers
MLA683885395;Ups Apc Bv1000i 1000va Para Pc Gamer Simil Bx1100;MLA1720;UPS
MLA607202460;Ups Apc Smt1500i Ar 1500v 6 Tm Estabilizador Reemp Sua1500i;MLA1720;UPS
